Workbook
Name Segment_Famille_de_Produit: #N/A
Name Segment_Famille_de_Produit1: #N/A
Name Segment_Famille_de_Produit3: #N/A

Sheet Catégorie des articles
A1: Code EAN | B1: Désignation | C1: Type de Produit | D1: Famille de Produit | E1: Unite de Stockage
A2: 5540246170256 | B2: BUN 4.5P | C2: Surgelé | D2: BOULANGERIE | E2: UVC
A3: 5540246170257 | B3: BUNS MAXI | C3: Surgelé | D3: BOULANGERIE | E3: UVC
A4: 5540246170499 | B4: BUN RECTAN | C4: Surgelé | D4: BOULANGERIE | E4: UVC
A5: 5540246171888 | B5: BUN BRILLA | C5: Frais | D5: BOULANGERIE | E5: UVC
A6: 5540246192213 | B6: BUN PREMIU | C6: Frais | D6: BOULANGERIE | E6: UVC
A7: 5540246193316 | B7: CROISSANT | C7: Frais | D7: BOULANGERIE | E7: UVC
A8: 5540246182684 | B8: DBL MORICE | C8: Frais | D8: BOULANGERIE | E8: UVC
A9: 5540246183844 | B9: DEMI BAGUE | C9: Frais | D9: BOULANGERIE | E9: UVC
A10: 5540246194467 | B10: PAIN BURGE | C10: Frais | D10: BOULANGERIE | E10: UVC
A11: 5540246196065 | B11: BRETZEL CU | C11: Frais | D11: BOULANGERIE | E11: UVC
A12: 5540246195596 | B12: PAIN LAIT | C12: Sec | D12: BOULANGERIE | E12: UVC
A13: 5540246178231 | B13: BATON FRUI | C13: Surgelé | D13: BOULANGERIE | E13: UVC
... A163: 5540246196092 | B163: PLT ROTI | C163: Surgelé | D163: VOLAILLE | E163: UVC

Sheet Commandes (CDE)
A1: Date de Passation de CDE | B1: Num CDE | C1: Article Commande | D1: Date de Livraison prévue | E1: Qte Commandee (UVC) | F1: Famille de Produit | G1: Annéemois
A2: 44654 | B2: 142634985 | C2: 5540246188047 | D2: 44696 | E2: 116 | F2: =IFERROR(VLOOKUP(C2, 'Catégorie des articles'!$A:$D, 4, FALSE), "") -> EMBALLAGES | G2: =YEAR(D2)*100 + MONTH(D2) -> 202205
A3: 44655 | B3: 142634989 | C3: 5540246174174 | D3: 44657 | E3: 47 | F3: =IFERROR(VLOOKUP(C3, 'Catégorie des articles'!$A:$D, 4, FALSE), "") -> CREMERIE | G3: =YEAR(D3)*100 + MONTH(D3) -> 202204
A4: 44655 | B4: 142634990 | C4: 5540246193316 | D4: 44658 | E4: 446 | F4: =IFERROR(VLOOKUP(C4, 'Catégorie des articles'!$A:$D, 4, FALSE), "") -> BOULANGERIE | G4: =YEAR(D4)*100 + MONTH(D4) -> 202204
A5: 44656 | B5: 142635006 | C5: 5540246192505 | D5: 44669 | E5: 18338 | F5: =IFERROR(VLOOKUP(C5, 'Catégorie des articles'!$A:$D, 4, FALSE), "") -> MIX LEGUMES | G5: =YEAR(D5)*100 + MONTH(D5) -> 202204
A6: 44656 | B6: 142635013 | C6: 5540246171933 | D6: 44658 | E6: 279 | F6: =IFERROR(VLOOKUP(C6, 'Catégorie des articles'!$A:$D, 4, FALSE), "") -> CREMERIE | G6: =YEAR(D6)*100 + MONTH(D6) -> 202204
A7: 44656 | B7: 142635013 | C7: 5540246172669 | D7: 44658 | E7: 140 | F7: =IFERROR(VLOOKUP(C7, 'Catégorie des articles'!$A:$D, 4, FALSE), "") -> CREMERIE | G7: =YEAR(D7)*100 + MONTH(D7) -> 202204
A8: 44656 | B8: 142635013 | C8: 5540246176294 | D8: 44658 | E8: 2228 | F8: =IFERROR(VLOOKUP(C8, 'Catégorie des articles'!$A:$D, 4, FALSE), "") -> CREMERIE | G8: =YEAR(D8)*100 + MONTH(D8) -> 202204
A9: 44656 | B9: 142635013 | C9: 5540246176295 | D9: 44658 | E9: 5568 | F9: =IFERROR(VLOOKUP(C9, 'Catégorie des articles'!$A:$D, 4, FALSE), "") -> CREMERIE | G9: =YEAR(D9)*100 + MONTH(D9) -> 202204
A10: 44656 | B10: 142635013 | C10: 5540246184808 | D10: 44658 | E10: 836 | F10: =IFERROR(VLOOKUP(C10, 'Catégorie des articles'!$A:$D, 4, FALSE), "") -> CREMERIE | G10: =YEAR(D10)*100 + MONTH(D10) -> 202204
A11: 44656 | B11: 142635013 | C11: 5540246187987 | D11: 44658 | E11: 1114 | F11: =IFERROR(VLOOKUP(C11, 'Catégorie des articles'!$A:$D, 4, FALSE), "") -> CREMERIE | G11: =YEAR(D11)*100 + MONTH(D11) -> 202204
A12: 44656 | B12: 142635013 | C12: 5540246188200 | D12: 44658 | E12: 372 | F12: =IFERROR(VLOOKUP(C12, 'Catégorie des articles'!$A:$D, 4, FALSE), "") -> CREMERIE | G12: =YEAR(D12)*100 + MONTH(D12) -> 202204
A13: 44656 | B13: 142635015 | C13: 5540246183589 | D13: 44665 | E13: 1300 | F13: =IFERROR(VLOOKUP(C13, 'Catégorie des articles'!$A:$D, 4, FALSE), "") -> MIX LEGUMES | G13: =YEAR(D13)*100 + MONTH(D13) -> 202204
... A2349: 44952 | B2349: 143541616 | C2349: 5540246194632 | D2349: 44955 | E2349: 919 | F2349: =IFERROR(VLOOKUP(C2349, 'Catégorie des articles'!$A:$D, 4, FALSE), "") -> BOULANGERIE | G2349: =YEAR(D2349)*100 + MONTH(D2349) -> 202301

Sheet Réception
A1: Num CDE | B1: Article Commande | C1: Date de Reception | D1: Qte receptionnee (UVC) | E1: Famille de Produit | F1: AnnéeMois
A2: 142634985 | B2: 5540246188047 | C2: 44693 | D2: 116 | E2: =VLOOKUP(B2, 'Catégorie des articles'!A:E, 4, FALSE) -> EMBALLAGES | F2: =YEAR(C2)*100 + MONTH(C2) -> 202205
A3: 142635040 | B3: 5540246187995 | C3: 44786 | D3: 2320 | E3: =VLOOKUP(B3, 'Catégorie des articles'!A:E, 4, FALSE) -> EMBALLAGES | F3: =YEAR(C3)*100 + MONTH(C3) -> 202208
A4: 142645084 | B4: 5540246188047 | C4: 44693 | D4: 116 | E4: =VLOOKUP(B4, 'Catégorie des articles'!A:E, 4, FALSE) -> EMBALLAGES | F4: =YEAR(C4)*100 + MONTH(C4) -> 202205
A5: 142645188 | B5: 5540246190727 | C5: 44687 | D5: 877 | E5: =VLOOKUP(B5, 'Catégorie des articles'!A:E, 4, FALSE) -> BOULANGERIE | F5: =YEAR(C5)*100 + MONTH(C5) -> 202205
A6: 142645192 | B6: 5540246192264 | C6: 44684 | D6: 1300 | E6: =VLOOKUP(B6, 'Catégorie des articles'!A:E, 4, FALSE) -> CREMERIE | F6: =YEAR(C6)*100 + MONTH(C6) -> 202205
A7: 142645192 | B7: 5540246192265 | C7: 44684 | D7: 483 | E7: =VLOOKUP(B7, 'Catégorie des articles'!A:E, 4, FALSE) -> CREMERIE | F7: =YEAR(C7)*100 + MONTH(C7) -> 202205
A8: 142655345 | B8: 5540246181061 | C8: 44684 | D8: 5099 | E8: =VLOOKUP(B8, 'Catégorie des articles'!A:E, 4, FALSE) -> VOLAILLE | F8: =YEAR(C8)*100 + MONTH(C8) -> 202205
A9: 142655350 | B9: 5540246193505 | C9: 44683 | D9: 14848 | E9: =VLOOKUP(B9, 'Catégorie des articles'!A:E, 4, FALSE) -> BOULANGERIE | F9: =YEAR(C9)*100 + MONTH(C9) -> 202205
A10: 142655351 | B10: 5540246193505 | C10: 44694 | D10: 17818 | E10: =VLOOKUP(B10, 'Catégorie des articles'!A:E, 4, FALSE) -> BOULANGERIE | F10: =YEAR(C10)*100 + MONTH(C10) -> 202205
A11: 142665370 | B11: 5540246188224 | C11: 44683 | D11: 1207 | E11: =VLOOKUP(B11, 'Catégorie des articles'!A:E, 4, FALSE) -> VOLAILLE | F11: =YEAR(C11)*100 + MONTH(C11) -> 202205
A12: 142665379 | B12: 5540246180522 | C12: 44682 | D12: 1337 | E12: =VLOOKUP(B12, 'Catégorie des articles'!A:E, 4, FALSE) -> BOULANGERIE | F12: =YEAR(C12)*100 + MONTH(C12) -> 202205
A13: 142665420 | B13: 5540246192264 | C13: 44705 | D13: 1485 | E13: =VLOOKUP(B13, 'Catégorie des articles'!A:E, 4, FALSE) -> CREMERIE | F13: =YEAR(C13)*100 + MONTH(C13) -> 202205
... A2159: 143541616 | B2159: 5540246194632 | C2159: 44952 | D2159: 919 | E2159: =VLOOKUP(B2159, 'Catégorie des articles'!A:E, 4, FALSE) -> BOULANGERIE | F2159: =YEAR(C2159)*100 + MONTH(C2159) -> 202301

Sheet Expéditions
A1: AnnéeMois | B1: Codes Produits Achetes | C1: Stock Moyen (UVC) | D1: Stock Moyen (PMP €) | E1: Prix (UVC) | F1: Expeditions (UVC) | G1: Famille de Produit | H1: Référence Stockées
A2: 202205 | B2: 5540246170256 | C2: 1594 | D2: 10713.902 | E2: =IF(C2=0,"",D2/C2) -> 6.7213942 | F2: 8357 | G2: =VLOOKUP(B2, 'Catégorie des articles'!A:E, 4, FALSE) -> BOULANGERIE | H2: =IF(Tableau5[[#This Row],[Stock Moyen (UVC)]]>0,1,0) -> 1
A3: 202205 | B3: 5540246171759 | C3: 2423 | D3: 13304.736 | E3: =IF(C3=0,"",D3/C3) -> 5.4910177 | F3: 5049 | G3: =VLOOKUP(B3, 'Catégorie des articles'!A:E, 4, FALSE) -> MIX LEGUMES | H3: =IF(Tableau5[[#This Row],[Stock Moyen (UVC)]]>0,1,0) -> 1
A4: 202205 | B4: 5540246171796 | C4: 0 | D4: 0 | E4: =IF(C4=0,"",D4/C4) | F4: 1323 | H4: =IF(Tableau5[[#This Row],[Stock Moyen (UVC)]]>0,1,0) -> 0
A5: 202205 | B5: 5540246171888 | C5: -21 | D5: -351.864 | E5: =IF(C5=0,"",D5/C5) -> 16.755429 | F5: 1673 | G5: =VLOOKUP(B5, 'Catégorie des articles'!A:E, 4, FALSE) -> BOULANGERIE | H5: =IF(Tableau5[[#This Row],[Stock Moyen (UVC)]]>0,1,0) -> 0
A6: 202205 | B6: 5540246171933 | C6: 836 | D6: 538.0992 | E6: =IF(C6=0,"",D6/C6) -> 0.64365933 | F6: 6738 | G6: =VLOOKUP(B6, 'Catégorie des articles'!A:E, 4, FALSE) -> CREMERIE | H6: =IF(Tableau5[[#This Row],[Stock Moyen (UVC)]]>0,1,0) -> 1
A7: 202205 | B7: 5540246172539 | C7: 28 | D7: 579.3552 | E7: =IF(C7=0,"",D7/C7) -> 20.691257 | F7: 89 | G7: =VLOOKUP(B7, 'Catégorie des articles'!A:E, 4, FALSE) -> CREMERIE | H7: =IF(Tableau5[[#This Row],[Stock Moyen (UVC)]]>0,1,0) -> 1
A8: 202205 | B8: 5540246172669 | C8: 168 | D8: 2273.0976 | E8: =IF(C8=0,"",D8/C8) -> 13.530343 | F8: 1170 | G8: =VLOOKUP(B8, 'Catégorie des articles'!A:E, 4, FALSE) -> CREMERIE | H8: =IF(Tableau5[[#This Row],[Stock Moyen (UVC)]]>0,1,0) -> 1
A9: 202205 | B9: 5540246172978 | C9: 752 | D9: 606.0528 | E9: =IF(C9=0,"",D9/C9) -> 0.80592128 | F9: 8854 | G9: =VLOOKUP(B9, 'Catégorie des articles'!A:E, 4, FALSE) -> CREMERIE | H9: =IF(Tableau5[[#This Row],[Stock Moyen (UVC)]]>0,1,0) -> 1
A10: 202205 | B10: 5540246173472 | C10: 0 | D10: 0 | E10: =IF(C10=0,"",D10/C10) | F10: 543 | G10: =VLOOKUP(B10, 'Catégorie des articles'!A:E, 4, FALSE) -> CREMERIE | H10: =IF(Tableau5[[#This Row],[Stock Moyen (UVC)]]>0,1,0) -> 0
A11: 202205 | B11: 5540246173492 | C11: 989 | D11: 15396.134 | E11: =IF(C11=0,"",D11/C11) -> 15.567376 | F11: 993 | G11: =VLOOKUP(B11, 'Catégorie des articles'!A:E, 4, FALSE) -> VOLAILLE | H11: =IF(Tableau5[[#This Row],[Stock Moyen (UVC)]]>0,1,0) -> 1
A12: 202205 | B12: 5540246173685 | C12: 107 | D12: 2694.6432 | E12: =IF(C12=0,"",D12/C12) -> 25.183581 | F12: 260 | G12: =VLOOKUP(B12, 'Catégorie des articles'!A:E, 4, FALSE) -> EMBALLAGES | H12: =IF(Tableau5[[#This Row],[Stock Moyen (UVC)]]>0,1,0) -> 1
A13: 202205 | B13: 5540246173686 | C13: 875 | D13: 22084.358 | E13: =IF(C13=0,"",D13/C13) -> 25.239267 | F13: 314 | G13: =VLOOKUP(B13, 'Catégorie des articles'!A:E, 4, FALSE) -> EMBALLAGES | H13: =IF(Tableau5[[#This Row],[Stock Moyen (UVC)]]>0,1,0) -> 1
A14: 202205 | B14: 5540246173906 | C14: 1300 | D14: 24143.616 | E14: =IF(C14=0,"",D14/C14) -> 18.572012 | F14: 1448 | G14: =VLOOKUP(B14, 'Catégorie des articles'!A:E, 4, FALSE) -> VOLAILLE | H14: =IF(Tableau5[[#This Row],[Stock Moyen (UVC)]]>0,1,0) -> 1
A15: 202205 | B15: 5540246174095 | C15: 14 | D15: 434.4192 | E15: =IF(C15=0,"",D15/C15) -> 31.029943 | F15: 105 | G15: =VLOOKUP(B15, 'Catégorie des articles'!A:E, 4, FALSE) -> CREMERIE | H15: =IF(Tableau5[[#This Row],[Stock Moyen (UVC)]]>0,1,0) -> 1
A16: 202205 | B16: 5540246174174 | C16: 26 | D16: 339.552 | E16: =IF(C16=0,"",D16/C16) -> 13.059692 | F16: 708 | G16: =VLOOKUP(B16, 'Catégorie des articles'!A:E, 4, FALSE) -> CREMERIE | H16: =IF(Tableau5[[#This Row],[Stock Moyen (UVC)]]>0,1,0) -> 1
... A929: 202301 | B929: 5540246196800 | C929: 0 | D929: 0 | E929: =IF(C929=0,"",D929/C929) | F929: 0 | G929: =VLOOKUP(B929, 'Catégorie des articles'!A:E, 4, FALSE) -> MIX LEGUMES | H929: =IF(Tableau5[[#This Row],[Stock Moyen (UVC)]]>0,1,0) -> 0

Sheet Etape-1
A1: Famille de Produit | B1: (Tous)
A3: Étiquettes de lignes | B3: Somme de Stock Moyen (UVC)
A4: 202205 | B4: 207364
A5: 202206 | B5: 351521
A6: 202207 | B6: 284421
A7: 202208 | B7: 280572
A8: 202209 | B8: 246851
A9: 202210 | B9: 245160
A10: 202211 | B10: 401047
A11: 202212 | B11: 407052
A12: 202301 | B12: 345478
A13: Total général | B13: 2769466
A17: Taux d'écart | B17: =(B12-B4)/B4 -> 0.66604618
A18: Ecart valeur absolue | B18: =B12-B4 -> 138114

Sheet Etape1-2
A3: Somme de Stock Moyen (UVC) | B3: Étiquettes de colonnes
A4: Étiquettes de lignes | B4: BOULANGERIE | C4: CREMERIE | D4: EMBALLAGES | E4: Total général
A5: 202205 | B5: 10200 | C5: 22508 | D5: 3029 | E5: 35737
A6: 202206 | B6: 33814 | C6: 24700 | D6: 6102 | E6: 64616
A7: 202207 | B7: 19386 | C7: 18537 | D7: 5057 | E7: 42980
A8: 202208 | B8: 32000 | C8: 25112 | D8: 4106 | E8: 61218
A9: 202209 | B9: 40725 | C9: 27558 | D9: 7943 | E9: 76226
A10: 202210 | B10: 57990 | C10: 39661 | D10: 6468 | E10: 104119
A11: 202211 | B11: 77934 | C11: 37794 | D11: 5938 | E11: 121666
A12: 202212 | B12: 80717 | C12: 25570 | D12: 7702 | E12: 113989
A13: 202301 | B13: 112484 | C13: 40564 | D13: 7897 | E13: 160945
A14: Total général | B14: 465250 | C14: 262004 | D14: 54242 | E14: 781496
A16: Ecart | B16: =B13-B5 -> 102284 | C16: =C13-C5 -> 18056 | D16: =D13-D5 -> 4868
A17: Taux d'évolution | B17: =(B13-B5)/B5 -> 10.027843 | C17: =(C13-C5)/C5 -> 0.80220366 | D17: =(D13-D5)/D5 -> 1.6071311

Sheet Etape2
A1: Famille de Produit | B1: (Tous)
A3: Étiquettes de lignes | B3: Moyenne de Prix (UVC)
A4: 202205 | B4: 30.244539
A5: 202206 | B5: 29.435907
A6: 202207 | B6: 30.109034
A7: 202208 | B7: 25.077206
A8: 202209 | B8: 25.425569
A9: 202210 | B9: 24.940124
A10: 202211 | B10: 26.219493
A11: 202212 | B11: 26.658604
A12: 202301 | B12: 27.331815
A13: Total général | B13: 27.275326
A21: variation | B21: =(B12-B4)/B4 -> -0.096305771

Sheet Etape3
A1: Famille de Produit | B1: (Plusieurs éléments)
A3: Étiquettes de lignes | B3: Somme de Référence Stockées
A4: 202205 | B4: 88
A5: 202206 | B5: 99
A6: 202207 | B6: 96
A7: 202208 | B7: 92
A8: 202209 | B8: 91
A9: 202210 | B9: 95
A10: 202211 | B10: 97
A11: 202212 | B11: 99
A12: 202301 | B12: 95
A13: Total général | B13: 852
A19: la variation Absolue | B19: =B12-B4 -> 7
A20: le taux d’évolution sur la période | B20: =(B12-B4)/B4 -> 0.079545455

Sheet Etape4-1
A1: Famille de Produit | B1: AnnéeMois | C1: receptions | D1: expéditions
A2: EMBALLAGES | B2: 202205 | C2: 2423 | D2: 2468
A3: BOULANGERIE | B3: 202205 | C3: 129404 | D3: 75248
A4: EMBALLAGES | B4: 202208 | C4: 5286 | D4: 1458
A5: MIX LEGUMES | B5: 202205 | C5: 284992 | D5: 180339
A6: CREMERIE | B6: 202205 | C6: 227258 | D6: 210263
A7: VOLAILLE | B7: 202205 | C7: 38325 | D7: 160852
A8: EMBALLAGES | B8: 202206 | C8: 1821 | D8: 2861
A9: BOULANGERIE | B9: 202206 | C9: 49322 | D9: 97167
A10: CREMERIE | B10: 202206 | C10: 309197 | D10: 326406
A11: MIX LEGUMES | B11: 202206 | C11: 167665 | D11: 217138
A12: VOLAILLE | B12: 202206 | C12: 114681 | D12: 223921
A13: VOLAILLE | B13: 202207 | C13: 36191 | D13: 99869
... A46: CREMERIE | B46: 202301 | C46: 261406 | D46: 42867

Sheet Etape4_2
A1: Famille de Produit | B1: (Tous)
A3: Étiquettes de lignes | B3: Somme de receptions | C3: Somme de expéditions
A4: 202205 | B4: 682402 | C4: 629170
A5: 202206 | B5: 642686 | C5: 867493
A6: 202207 | B6: 373895 | C6: 377436
A7: 202208 | B7: 508099 | C7: 503449
A8: 202209 | B8: 685728 | C8: 711535
A9: 202210 | B9: 898975 | C9: 812164
A10: 202211 | B10: 788633 | C10: 796795
A11: 202212 | B11: 819616 | C11: 801462
A12: Total général | B12: 5400034 | C12: 5499504
A16: Taux écart réception | B16: =(B11-B4)/B4 -> 0.20107503
A17: Taux d'écart expédition | B17: =(C11-C4)/C4 -> 0.27384014
A22: Ecart Total | B22: =B12-C12 -> -99470

Sheet Etape5-1
A1: AnnéeMois | B1: Nombredecommande
A2: 202205 | B2: 118
A3: 202208 | B3: 104
A4: 202206 | B4: 96
A5: 202207 | B5: 79
A6: 202209 | B6: 114
A7: 202210 | B7: 130
A8: 202211 | B8: 104
A9: 202301 | B9: 101
A10: 202212 | B10: 125
B11: 1

Sheet Etape5-2
A3: Étiquettes de lignes | B3: Nombre de NombreCommandes
A4: 202205 | B4: 118
A5: 202206 | B5: 96
A6: 202207 | B6: 79
A7: 202208 | B7: 104
A8: 202209 | B8: 114
A9: 202210 | B9: 130
A10: 202211 | B10: 104
A11: 202212 | B11: 125
A12: 202301 | B12: 101
A13: Total général | B13: 971
A20: Taux d'évolution sur la période | B20: =(B12-B4)/B4 -> -0.1440678

Sheet Etape6-1
A1: Num CDE | B1: Total-quantité-réceptionnée | C1: AnnéeMois | D1: Quantité Commandées
A2: 142634985 | B2: 116 | C2: 202205 | D2: 116
A3: 142635040 | B3: 2320 | C3: 202208 | D3: 2320
A4: 142645084 | B4: 116 | C4: 202205 | D4: 116
A5: 142645188 | B5: 877 | C5: 202205 | D5: 877
A6: 142645192 | B6: 1783 | C6: 202205 | D6: 1783
A7: 142655345 | B7: 5099 | C7: 202205 | D7: 5513
A8: 142655350 | B8: 14848 | C8: 202205 | D8: 15962
A9: 142655351 | B9: 17818 | C9: 202205 | D9: 19154
A10: 142665370 | B10: 1207 | C10: 202205 | D10: 1207
A11: 142665379 | B11: 1337 | C11: 202205 | D11: 1337
A12: 142665420 | B12: 1782 | C12: 202205 | D12: 1782
A13: 142665441 | B13: 586 | C13: 202205 | D13: 697
... A972: 143541616 | B972: 919 | C972: 202301 | D972: 919

Sheet Etape 6
A3: Étiquettes de lignes | B3: Somme de Quantité Commandées | C3: Somme de quantité réceptionnées | D3: Taux de service des commandes
A4: 202205 | B4: 714122 | C4: 682402 | D4: =C4/B4 -> 0.95558182
A5: 202206 | B5: 652155 | C5: 642686 | D5: =C5/B5 -> 0.98548045
A6: 202207 | B6: 383079 | C6: 373895 | D6: =C6/B6 -> 0.97602583
A7: 202208 | B7: 507081 | C7: 508099 | D7: =C7/B7 -> 1.0020076
A8: 202209 | B8: 694721 | C8: 685728 | D8: =C8/B8 -> 0.98705524
A9: 202210 | B9: 943481 | C9: 898975 | D9: =C9/B9 -> 0.95282788
A10: 202211 | B10: 804250 | C10: 788633 | D10: =C10/B10 -> 0.98058191
A11: 202212 | B11: 849747 | C11: 819616 | D11: =C11/B11 -> 0.96454121
A12: 202301 | B12: 719153 | C12: 697323 | D12: =C12/B12 -> 0.96964485
A13: Total général | B13: 6267789 | C13: 6097357
A17: l’écart total | B17: =(MAX(D4:D12)-MIN(D4:D12))*100 -> 4.917969
A19: Taux d'évolution | B19: =(D12-D4)/D4*100 -> 1.4716717
